beginString,bodyLength,msgType,senderCompID,targetCompID,msgSeqNum,sendingTime,lastMsgSeqNumProcessed,text,possDupFlag,tradingSessionSubID,securityStatusReqID,securityType,maturityDate,issueDate,couponRate,issuer,securityDesc,buyVolume,symbol,lastPx,lowPx,highPx,securityTradingStatus,checkSum
FIX.4.4,,,,,,,,,,LIS_BRD_01,,CS,00010101-00:00:00,00010101-00:00:00,,AAA,AAA,500000,AAA,16700,15100,18300,17,
FIX.4.4,,,,,,,,,,LIS_BRD_01,,CS,00010101-00:00:00,00010101-00:00:00,,ACB,ACB,500000,ACB,15500,14000,17000,17,
FIX.4.4,,,,,,,,,,LIS_BRD_01,,CS,00010101-00:00:00,00010101-00:00:00,,ADC,ADC,500000,ADC,24500,22100,26900,17,
FIX.4.4,,,,,,,,,,LIS_BRD_01,,CS,00010101-00:00:00,00010101-00:00:00,,ALT,ALT,500000,ALT,11800,10700,12900,17,
FIX.4.4,,,,,,,,,,LIS_BRD_01,,CS,00010101-00:00:00,00010101-00:00:00,,ALV,ALV,500000,ALV,5700,5200,6200,17,
FIX.4.4,,,,,,,,,,LIS_BRD_01,,CS,00010101-00:00:00,00010101-00:00:00,,AMC,AMC,500000,AMC,20900,18900,22900,17,
FIX.4.4,,,,,,,,,,LIS_BRD_01,,CS,00010101-00:00:00,00010101-00:00:00,,AME,AME,500000,AME,4000,3600,4400,17,
FIX.4.4,,,,,,,,,,LIS_BRD_01,,CS,00010101-00:00:00,00010101-00:00:00,,AMV,AMV,500000,AMV,5000,4500,5500,17,
FIX.4.4,,,,,,,,,,LIS_BRD_01,,CS,00010101-00:00:00,00010101-00:00:00,,APG,APG,500000,APG,6400,5800,7000,17,
FIX.4.4,,,,,,,,,,LIS_BRD_01,,CS,00010101-00:00:00,00010101-00:00:00,,API,API,500000,API,15700,14200,17200,17,
FIX.4.4,,,,,,,,,,LIS_BRD_01,,CS,00010101-00:00:00,00010101-00:00:00,,APP,APP,500000,APP,13700,12400,15000,17,
FIX.4.4,,,,,,,,,,LIS_BRD_01,,CS,00010101-00:00:00,00010101-00:00:00,,APS,APS,500000,APS,6100,5500,6700,17,
FIX.4.4,,,,,,,,,,LIS_BRD_01,,CS,00010101-00:00:00,00010101-00:00:00,,ARM,ARM,500000,ARM,20000,18000,22000,17,
FIX.4.4,,,,,,,,,,LIS_BRD_01,,CS,00010101-00:00:00,00010101-00:00:00,,ASA,ASA,500000,ASA,16300,14700,17900,17,
FIX.4.4,,,,,,,,,,LIS_BRD_01,,CS,00010101-00:00:00,00010101-00:00:00,,B82,B82,500000,B82,10900,9900,11900,17,
FIX.4.4,,,,,,,,,,LIS_BRD_01,,CS,00010101-00:00:00,00010101-00:00:00,,BBS,BBS,500000,BBS,14500,13100,15900,17,
FIX.4.4,,,,,,,,,,LIS_BRD_01,,CS,00010101-00:00:00,00010101-00:00:00,,BCC,BCC,500000,BCC,13000,11700,14300,17,
FIX.4.4,,,,,,,,,,LIS_BRD_01,,CS,00010101-00:00:00,00010101-00:00:00,,BDB,BDB,500000,BDB,6800,6200,7400,17,
FIX.4.4,,,,,,,,,,LIS_BRD_01,,CS,00010101-00:00:00,00010101-00:00:00,,BED,BED,500000,BED,13200,11900,14500,17,
FIX.4.4,,,,,,,,,,LIS_BRD_01,,CS,00010101-00:00:00,00010101-00:00:00,,BHT,BHT,500000,BHT,4300,3900,4700,17,
FIX.4.4,,,,,,,,,,LIS_BRD_01,,CS,00010101-00:00:00,00010101-00:00:00,,BKC,BKC,500000,BKC,10700,9700,11700,17,
FIX.4.4,,,,,,,,,,LIS_BRD_01,,CS,00010101-00:00:00,00010101-00:00:00,,BLF,BLF,500000,BLF,7300,6600,8000,17,
FIX.4.4,,,,,,,,,,LIS_BRD_01,,CS,00010101-00:00:00,00010101-00:00:00,,BPC,BPC,500000,BPC,12100,10900,13300,17,
FIX.4.4,,,,,,,,,,LIS_BRD_01,,CS,00010101-00:00:00,00010101-00:00:00,,BSC,BSC,500000,BSC,5900,5400,6400,17,
FIX.4.4,,,,,,,,,,LIS_BRD_01,,CS,00010101-00:00:00,00010101-00:00:00,,BST,BST,500000,BST,13100,11800,14400,17,
FIX.4.4,,,,,,,,,,LIS_BRD_01,,CS,00010101-00:00:00,00010101-00:00:00,,BTH,BTH,500000,BTH,8000,7200,8800,17,
FIX.4.4,,,,,,,,,,LIS_BRD_01,,CS,00010101-00:00:00,00010101-00:00:00,,BTS,BTS,500000,BTS,7300,6600,8000,17,
FIX.4.4,,,,,,,,,,LIS_BRD_01,,CS,00010101-00:00:00,00010101-00:00:00,,BVG,BVG,500000,BVG,2500,2300,2700,17,
FIX.4.4,,,,,,,,,,LIS_BRD_01,,CS,00010101-00:00:00,00010101-00:00:00,,BVS,BVS,500000,BVS,14200,12900,15700,17,
FIX.4.4,,,,,,,,,,LIS_BRD_01,,CS,00010101-00:00:00,00010101-00:00:00,,BXH,BXH,500000,BXH,10800,9800,11800,17,
FIX.4.4,,,,,,,,,,LIS_BRD_01,,CS,00010101-00:00:00,00010101-00:00:00,,C92,C92,500000,C92,13100,11800,14400,17,
FIX.4.4,,,,,,,,,,LIS_BRD_01,,CS,00010101-00:00:00,00010101-00:00:00,,CAN,CAN,500000,CAN,27200,24500,29900,17,
FIX.4.4,,,,,,,,,,LIS_BRD_01,,CS,00010101-00:00:00,00010101-00:00:00,,CAP,CAP,500000,CAP,26300,23700,28900,17,
FIX.4.4,,,,,,,,,,LIS_BRD_01,,CS,00010101-00:00:00,00010101-00:00:00,,CCM,CCM,500000,CCM,34300,30900,37700,17,
FIX.4.4,,,,,,,,,,LIS_BRD_01,,CS,00010101-00:00:00,00010101-00:00:00,,CHP,CHP,500000,CHP,12500,11300,13700,17,
FIX.4.4,,,,,,,,,,LIS_BRD_01,,CS,00010101-00:00:00,00010101-00:00:00,,CID,CID,500000,CID,4800,4400,5200,17,
FIX.4.4,,,,,,,,,,LIS_BRD_01,,CS,00010101-00:00:00,00010101-00:00:00,,CJC,CJC,500000,CJC,25700,23200,28200,17,
FIX.4.4,,,,,,,,,,LIS_BRD_01,,CS,00010101-00:00:00,00010101-00:00:00,,CKV,CKV,500000,CKV,8500,7700,9300,17,
FIX.4.4,,,,,,,,,,LIS_BRD_01,,CS,00010101-00:00:00,00010101-00:00:00,,CMC,CMC,500000,CMC,5500,5000,6000,17,
FIX.4.4,,,,,,,,,,LIS_BRD_01,,CS,00010101-00:00:00,00010101-00:00:00,,CMI,CMI,500000,CMI,16400,14800,18000,17,
FIX.4.4,,,,,,,,,,LIS_BRD_01,,CS,00010101-00:00:00,00010101-00:00:00,,CMS,CMS,500000,CMS,12300,11100,13500,17,
FIX.4.4,,,,,,,,,,LIS_BRD_01,,CS,00010101-00:00:00,00010101-00:00:00,,CPC,CPC,500000,CPC,25900,23400,28400,17,
FIX.4.4,,,,,,,,,,LIS_BRD_01,,CS,00010101-00:00:00,00010101-00:00:00,,CSC,CSC,500000,CSC,12400,11200,13600,17,
FIX.4.4,,,,,,,,,,LIS_BRD_01,,CS,00010101-00:00:00,00010101-00:00:00,,CT6,CT6,500000,CT6,7500,6800,8200,17,
FIX.4.4,,,,,,,,,,LIS_BRD_01,,CS,00010101-00:00:00,00010101-00:00:00,,CTA,CTA,500000,CTA,4600,4200,5000,17,
FIX.4.4,,,,,,,,,,LIS_BRD_01,,CS,00010101-00:00:00,00010101-00:00:00,,CTB,CTB,500000,CTB,32000,28800,35200,17,
FIX.4.4,,,,,,,,,,LIS_BRD_01,,CS,00010101-00:00:00,00010101-00:00:00,,CTC,CTC,500000,CTC,6500,5900,7100,17,
FIX.4.4,,,,,,,,,,LIS_BRD_01,,CS,00010101-00:00:00,00010101-00:00:00,,CTM,CTM,500000,CTM,3200,2900,3500,17,
FIX.4.4,,,,,,,,,,LIS_BRD_01,,CS,00010101-00:00:00,00010101-00:00:00,,CTN,CTN,500000,CTN,7800,7100,8500,17,
FIX.4.4,,,,,,,,,,LIS_BRD_01,,CS,00010101-00:00:00,00010101-00:00:00,,CTS,CTS,500000,CTS,9200,8300,10100,17,
FIX.4.4,,,,,,,,,,LIS_BRD_01,,CS,00010101-00:00:00,00010101-00:00:00,,CTX,CTX,500000,CTX,8200,7400,9000,17,
FIX.4.4,,,,,,,,,,LIS_BRD_01,,CS,00010101-00:00:00,00010101-00:00:00,,CVN,CVN,500000,CVN,2700,2500,2900,17,
FIX.4.4,,,,,,,,,,LIS_BRD_01,,CS,00010101-00:00:00,00010101-00:00:00,,CVT,CVT,500000,CVT,35100,31600,38600,17,
FIX.4.4,,,,,,,,,,LIS_BRD_01,,CS,00010101-00:00:00,00010101-00:00:00,,CX8,CX8,500000,CX8,5400,4900,5900,17,
FIX.4.4,,,,,,,,,,LIS_BRD_01,,CS,00010101-00:00:00,00010101-00:00:00,,D11,D11,500000,D11,12200,11000,13400,17,
FIX.4.4,,,,,,,,,,LIS_BRD_01,,CS,00010101-00:00:00,00010101-00:00:00,,DAC,DAC,500000,DAC,5500,5000,6000,17,
FIX.4.4,,,,,,,,,,LIS_BRD_01,,CS,00010101-00:00:00,00010101-00:00:00,,DAD,DAD,500000,DAD,17300,15600,19000,17,
FIX.4.4,,,,,,,,,,LIS_BRD_01,,CS,00010101-00:00:00,00010101-00:00:00,,DAE,DAE,500000,DAE,17000,15300,18700,17,
FIX.4.4,,,,,,,,,,LIS_BRD_01,,CS,00010101-00:00:00,00010101-00:00:00,,DBC,DBC,500000,DBC,28500,25700,31300,17,
FIX.4.4,,,,,,,,,,LIS_BRD_01,,CS,00010101-00:00:00,00010101-00:00:00,,DBT,DBT,500000,DBT,17400,15700,19100,17,
FIX.4.4,,,,,,,,,,LIS_BRD_01,,CS,00010101-00:00:00,00010101-00:00:00,,DC2,DC2,500000,DC2,4700,4300,5100,17,
FIX.4.4,,,,,,,,,,LIS_BRD_01,,CS,00010101-00:00:00,00010101-00:00:00,,DC4,DC4,500000,DC4,7800,7100,8500,17,
FIX.4.4,,,,,,,,,,LIS_BRD_01,,CS,00010101-00:00:00,00010101-00:00:00,,DCS,DCS,500000,DCS,5500,5000,6000,17,
FIX.4.4,,,,,,,,,,LIS_BRD_01,,CS,00010101-00:00:00,00010101-00:00:00,,DHP,DHP,500000,DHP,9000,8100,9900,17,
FIX.4.4,,,,,,,,,,LIS_BRD_01,,CS,00010101-00:00:00,00010101-00:00:00,,DHT,DHT,500000,DHT,32500,29300,35700,17,
FIX.4.4,,,,,,,,,,LIS_BRD_01,,CS,00010101-00:00:00,00010101-00:00:00,,DID,DID,500000,DID,5800,5300,6300,17,
FIX.4.4,,,,,,,,,,LIS_BRD_01,,CS,00010101-00:00:00,00010101-00:00:00,,DIH,DIH,500000,DIH,9400,8500,10300,17,
FIX.4.4,,,,,,,,,,LIS_BRD_01,,CS,00010101-00:00:00,00010101-00:00:00,,DL1,DL1,500000,DL1,9000,8100,9900,17,
FIX.4.4,,,,,,,,,,LIS_BRD_01,,CS,00010101-00:00:00,00010101-00:00:00,,DLR,DLR,500000,DLR,6400,5800,7000,17,
FIX.4.4,,,,,,,,,,LIS_BRD_01,,CS,00010101-00:00:00,00010101-00:00:00,,DNC,DNC,500000,DNC,19200,17300,21100,17,
FIX.4.4,,,,,,,,,,LIS_BRD_01,,CS,00010101-00:00:00,00010101-00:00:00,,DNM,DNM,500000,DNM,35200,31700,38700,17,
FIX.4.4,,,,,,,,,,LIS_BRD_01,,CS,00010101-00:00:00,00010101-00:00:00,,DNP,DNP,500000,DNP,20100,18100,22100,17,
FIX.4.4,,,,,,,,,,LIS_BRD_01,,CS,00010101-00:00:00,00010101-00:00:00,,DNY,DNY,500000,DNY,5700,5200,6200,17,
FIX.4.4,,,,,,,,,,LIS_BRD_01,,CS,00010101-00:00:00,00010101-00:00:00,,DPC,DPC,500000,DPC,14000,12600,15400,17,
FIX.4.4,,,,,,,,,,LIS_BRD_01,,CS,00010101-00:00:00,00010101-00:00:00,,DST,DST,500000,DST,5400,4900,5900,17,
FIX.4.4,,,,,,,,,,LIS_BRD_01,,CS,00010101-00:00:00,00010101-00:00:00,,DXP,DXP,500000,DXP,43000,38700,47300,17,
FIX.4.4,,,,,,,,,,LIS_BRD_01,,CS,00010101-00:00:00,00010101-00:00:00,,DZM,DZM,500000,DZM,5000,4500,5500,17,
FIX.4.4,,,,,,,,,,LIS_BRD_01,,CS,00010101-00:00:00,00010101-00:00:00,,EBS,EBS,500000,EBS,8600,7800,9400,17,
FIX.4.4,,,,,,,,,,LIS_BRD_01,,CS,00010101-00:00:00,00010101-00:00:00,,ECI,ECI,500000,ECI,20800,18800,22800,17,
FIX.4.4,,,,,,,,,,LIS_BRD_01,,CS,00010101-00:00:00,00010101-00:00:00,,EFI,EFI,500000,EFI,6400,5800,7000,17,
FIX.4.4,,,,,,,,,,LIS_BRD_01,,CS,00010101-00:00:00,00010101-00:00:00,,EID,EID,500000,EID,13100,11800,14400,17,
FIX.4.4,,,,,,,,,,LIS_BRD_01,,CS,00010101-00:00:00,00010101-00:00:00,,FDT,FDT,500000,FDT,26500,23900,29100,17,
FIX.4.4,,,,,,,,,,LIS_BRD_01,,CS,00010101-00:00:00,00010101-00:00:00,,FIT,FIT,500000,FIT,26400,23800,29000,17,
FIX.4.4,,,,,,,,,,LIS_BRD_01,,CS,00010101-00:00:00,00010101-00:00:00,,GLT,GLT,500000,GLT,19000,17100,20900,17,
FIX.4.4,,,,,,,,,,LIS_BRD_01,,CS,00010101-00:00:00,00010101-00:00:00,,GMX,GMX,500000,GMX,9400,8500,10300,17,
FIX.4.4,,,,,,,,,,LIS_BRD_01,,CS,00010101-00:00:00,00010101-00:00:00,,HAD,HAD,500000,HAD,42000,37800,46200,17,
FIX.4.4,,,,,,,,,,LIS_BRD_01,,CS,00010101-00:00:00,00010101-00:00:00,,HAT,HAT,500000,HAT,49900,45000,54800,17,
FIX.4.4,,,,,,,,,,LIS_BRD_01,,CS,00010101-00:00:00,00010101-00:00:00,,HBE,HBE,500000,HBE,3800,3500,4100,17,
FIX.4.4,,,,,,,,,,LIS_BRD_01,,CS,00010101-00:00:00,00010101-00:00:00,,HBS,HBS,500000,HBS,5000,4500,5500,17,
FIX.4.4,,,,,,,,,,LIS_BRD_01,,CS,00010101-00:00:00,00010101-00:00:00,,HCC,HCC,500000,HCC,11200,10100,12300,17,
FIX.4.4,,,,,,,,,,LIS_BRD_01,,CS,00010101-00:00:00,00010101-00:00:00,,HCT,HCT,500000,HCT,10000,9000,11000,17,
FIX.4.4,,,,,,,,,,LIS_BRD_01,,CS,00010101-00:00:00,00010101-00:00:00,,HDA,HDA,500000,HDA,11000,9900,12100,17,
FIX.4.4,,,,,,,,,,LIS_BRD_01,,CS,00010101-00:00:00,00010101-00:00:00,,HDO,HDO,500000,HDO,3500,3200,3800,17,
FIX.4.4,,,,,,,,,,LIS_BRD_01,,CS,00010101-00:00:00,00010101-00:00:00,,HEV,HEV,500000,HEV,13400,12100,14700,17,
FIX.4.4,,,,,,,,,,LIS_BRD_01,,CS,00010101-00:00:00,00010101-00:00:00,,HGM,HGM,500000,HGM,49200,44300,54100,17,
FIX.4.4,,,,,,,,,,LIS_BRD_01,,CS,00010101-00:00:00,00010101-00:00:00,,HHC,HHC,500000,HHC,29900,27000,32800,17,
FIX.4.4,,,,,,,,,,LIS_BRD_01,,CS,00010101-00:00:00,00010101-00:00:00,,HHG,HHG,500000,HHG,7300,6600,8000,17,
FIX.4.4,,,,,,,,,,LIS_BRD_01,,CS,00010101-00:00:00,00010101-00:00:00,,HJS,HJS,500000,HJS,10900,9900,11900,17,
FIX.4.4,,,,,,,,,,LIS_BRD_01,,CS,00010101-00:00:00,00010101-00:00:00,,HLC,HLC,500000,HLC,8800,8000,9600,17,
FIX.4.4,,,,,,,,,,LIS_BRD_01,,CS,00010101-00:00:00,00010101-00:00:00,,HLD,HLD,500000,HLD,16900,15300,18500,17,
FIX.4.4,,,,,,,,,,LIS_BRD_01,,CS,00010101-00:00:00,00010101-00:00:00,,HLY,HLY,500000,HLY,9800,8900,10700,17,
FIX.4.4,,,,,,,,,,LIS_BRD_01,,CS,00010101-00:00:00,00010101-00:00:00,,HMH,HMH,500000,HMH,25900,23400,28400,17,
FIX.4.4,,,,,,,,,,LIS_BRD_01,,CS,00010101-00:00:00,00010101-00:00:00,,HNM,HNM,500000,HNM,14800,13400,16200,17,
FIX.4.4,,,,,,,,,,LIS_BRD_01,,CS,00010101-00:00:00,00010101-00:00:00,,HOM,HOM,500000,HOM,8400,7600,9200,17,
FIX.4.4,,,,,,,,,,LIS_BRD_01,,CS,00010101-00:00:00,00010101-00:00:00,,HPC,HPC,500000,HPC,5300,4800,5800,17,
FIX.4.4,,,,,,,,,,LIS_BRD_01,,CS,00010101-00:00:00,00010101-00:00:00,,HPS,HPS,500000,HPS,5200,4700,5700,17,
FIX.4.4,,,,,,,,,,LIS_BRD_01,,CS,00010101-00:00:00,00010101-00:00:00,,HST,HST,500000,HST,4900,4500,5300,17,
FIX.4.4,,,,,,,,,,LIS_BRD_01,,CS,00010101-00:00:00,00010101-00:00:00,,HTC,HTC,500000,HTC,32400,29200,35600,17,
FIX.4.4,,,,,,,,,,LIS_BRD_01,,CS,00010101-00:00:00,00010101-00:00:00,,HTP,HTP,500000,HTP,10100,9100,11100,17,
FIX.4.4,,,,,,,,,,LIS_BRD_01,,CS,00010101-00:00:00,00010101-00:00:00,,HUT,HUT,500000,HUT,10900,9900,11900,17,
FIX.4.4,,,,,,,,,,LIS_BRD_01,,CS,00010101-00:00:00,00010101-00:00:00,,HVT,HVT,500000,HVT,18000,16200,19800,17,
FIX.4.4,,,,,,,,,,LIS_BRD_01,,CS,00010101-00:00:00,00010101-00:00:00,,ICG,ICG,500000,ICG,8300,7500,9100,17,
FIX.4.4,,,,,,,,,,LIS_BRD_01,,CS,00010101-00:00:00,00010101-00:00:00,,IDJ,IDJ,500000,IDJ,4200,3800,4600,17,
FIX.4.4,,,,,,,,,,LIS_BRD_01,,CS,00010101-00:00:00,00010101-00:00:00,,IDV,IDV,500000,IDV,63500,57200,69800,17,
FIX.4.4,,,,,,,,,,LIS_BRD_01,,CS,00010101-00:00:00,00010101-00:00:00,,INC,INC,500000,INC,4600,4200,5000,17,
FIX.4.4,,,,,,,,,,LIS_BRD_01,,CS,00010101-00:00:00,00010101-00:00:00,,INN,INN,500000,INN,33900,30600,37200,17,
FIX.4.4,,,,,,,,,,LIS_BRD_01,,CS,00010101-00:00:00,00010101-00:00:00,,ITQ,ITQ,500000,ITQ,10500,9500,11500,17,
FIX.4.4,,,,,,,,,,LIS_BRD_01,,CS,00010101-00:00:00,00010101-00:00:00,,IVS,IVS,500000,IVS,12000,10800,13200,17,
FIX.4.4,,,,,,,,,,LIS_BRD_01,,CS,00010101-00:00:00,00010101-00:00:00,,KHB,KHB,500000,KHB,4700,4300,5100,17,
FIX.4.4,,,,,,,,,,LIS_BRD_01,,CS,00010101-00:00:00,00010101-00:00:00,,KHL,KHL,500000,KHL,4000,3600,4400,17,
FIX.4.4,,,,,,,,,,LIS_BRD_01,,CS,00010101-00:00:00,00010101-00:00:00,,KKC,KKC,500000,KKC,19300,17400,21200,17,
FIX.4.4,,,,,,,,,,LIS_BRD_01,,CS,00010101-00:00:00,00010101-00:00:00,,KLF,KLF,500000,KLF,11800,10700,12900,17,
FIX.4.4,,,,,,,,,,LIS_BRD_01,,CS,00010101-00:00:00,00010101-00:00:00,,KLS,KLS,500000,KLS,11500,10400,12600,17,
FIX.4.4,,,,,,,,,,LIS_BRD_01,,CS,00010101-00:00:00,00010101-00:00:00,,KMT,KMT,500000,KMT,5800,5300,6300,17,
FIX.4.4,,,,,,,,,,LIS_BRD_01,,CS,00010101-00:00:00,00010101-00:00:00,,KSD,KSD,500000,KSD,5900,5400,6400,17,
FIX.4.4,,,,,,,,,,LIS_BRD_01,,CS,00010101-00:00:00,00010101-00:00:00,,KSK,KSK,500000,KSK,6900,6300,7500,17,
FIX.4.4,,,,,,,,,,LIS_BRD_01,,CS,00010101-00:00:00,00010101-00:00:00,,KSQ,KSQ,500000,KSQ,6900,6300,7500,17,
FIX.4.4,,,,,,,,,,LIS_BRD_01,,CS,00010101-00:00:00,00010101-00:00:00,,KST,KST,500000,KST,4500,4100,4900,17,
FIX.4.4,,,,,,,,,,LIS_BRD_01,,CS,00010101-00:00:00,00010101-00:00:00,,KTT,KTT,500000,KTT,3800,3500,4100,17,
FIX.4.4,,,,,,,,,,LIS_BRD_01,,CS,00010101-00:00:00,00010101-00:00:00,,L14,L14,500000,L14,12200,11000,13400,17,
FIX.4.4,,,,,,,,,,LIS_BRD_01,,CS,00010101-00:00:00,00010101-00:00:00,,L18,L18,500000,L18,10400,9400,11400,17,
FIX.4.4,,,,,,,,,,LIS_BRD_01,,CS,00010101-00:00:00,00010101-00:00:00,,L35,L35,500000,L35,5100,4600,5600,17,
FIX.4.4,,,,,,,,,,LIS_BRD_01,,CS,00010101-00:00:00,00010101-00:00:00,,L43,L43,500000,L43,6000,5400,6600,17,
FIX.4.4,,,,,,,,,,LIS_BRD_01,,CS,00010101-00:00:00,00010101-00:00:00,,L44,L44,500000,L44,5800,5300,6300,17,
FIX.4.4,,,,,,,,,,LIS_BRD_01,,CS,00010101-00:00:00,00010101-00:00:00,,L61,L61,500000,L61,11000,9900,12100,17,
FIX.4.4,,,,,,,,,,LIS_BRD_01,,CS,00010101-00:00:00,00010101-00:00:00,,L62,L62,500000,L62,4500,4100,4900,17,
FIX.4.4,,,,,,,,,,LIS_BRD_01,,CS,00010101-00:00:00,00010101-00:00:00,,LAS,LAS,500000,LAS,31900,28800,35000,17,
FIX.4.4,,,,,,,,,,LIS_BRD_01,,CS,00010101-00:00:00,00010101-00:00:00,,LBE,LBE,500000,LBE,13600,12300,14900,17,
FIX.4.4,,,,,,,,,,LIS_BRD_01,,CS,00010101-00:00:00,00010101-00:00:00,,LCD,LCD,500000,LCD,11500,10400,12600,17,
FIX.4.4,,,,,,,,,,LIS_BRD_01,,CS,00010101-00:00:00,00010101-00:00:00,,LCS,LCS,500000,LCS,5100,4600,5600,17,
FIX.4.4,,,,,,,,,,LIS_BRD_01,,CS,00010101-00:00:00,00010101-00:00:00,,LDP,LDP,500000,LDP,49800,44900,54700,17,
FIX.4.4,,,,,,,,,,LIS_BRD_01,,CS,00010101-00:00:00,00010101-00:00:00,,LHC,LHC,500000,LHC,63000,56700,69300,17,
FIX.4.4,,,,,,,,,,LIS_BRD_01,,CS,00010101-00:00:00,00010101-00:00:00,,LIG,LIG,500000,LIG,6800,6200,7400,17,
FIX.4.4,,,,,,,,,,LIS_BRD_01,,CS,00010101-00:00:00,00010101-00:00:00,,LM3,LM3,500000,LM3,2900,2700,3100,17,
FIX.4.4,,,,,,,,,,LIS_BRD_01,,CS,00010101-00:00:00,00010101-00:00:00,,LM7,LM7,500000,LM7,4200,3800,4600,17,
FIX.4.4,,,,,,,,,,LIS_BRD_01,,CS,00010101-00:00:00,00010101-00:00:00,,LO5,LO5,500000,LO5,3800,3500,4100,17,
FIX.4.4,,,,,,,,,,LIS_BRD_01,,CS,00010101-00:00:00,00010101-00:00:00,,LTC,LTC,500000,LTC,8700,7900,9500,17,
FIX.4.4,,,,,,,,,,LIS_BRD_01,,CS,00010101-00:00:00,00010101-00:00:00,,LUT,LUT,500000,LUT,4900,4500,5300,17,
FIX.4.4,,,,,,,,,,LIS_BRD_01,,CS,00010101-00:00:00,00010101-00:00:00,,MAC,MAC,500000,MAC,7300,6600,8000,17,
FIX.4.4,,,,,,,,,,LIS_BRD_01,,CS,00010101-00:00:00,00010101-00:00:00,,MAS,MAS,500000,MAS,87500,78800,96200,17,
FIX.4.4,,,,,,,,,,LIS_BRD_01,,CS,00010101-00:00:00,00010101-00:00:00,,MAX,MAX,500000,MAX,3600,3300,3900,17,
FIX.4.4,,,,,,,,,,LIS_BRD_01,,CS,00010101-00:00:00,00010101-00:00:00,,MCC,MCC,500000,MCC,14000,12600,15400,17,
FIX.4.4,,,,,,,,,,LIS_BRD_01,,CS,00010101-00:00:00,00010101-00:00:00,,MCF,MCF,500000,MCF,17000,15300,18700,17,
FIX.4.4,,,,,,,,,,LIS_BRD_01,,CS,00010101-00:00:00,00010101-00:00:00,,MCO,MCO,500000,MCO,4100,3700,4500,17,
FIX.4.4,,,,,,,,,,LIS_BRD_01,,CS,00010101-00:00:00,00010101-00:00:00,,MDC,MDC,500000,MDC,10900,9900,11900,17,
FIX.4.4,,,,,,,,,,LIS_BRD_01,,CS,00010101-00:00:00,00010101-00:00:00,,MEC,MEC,500000,MEC,5700,5200,6200,17,
FIX.4.4,,,,,,,,,,LIS_BRD_01,,CS,00010101-00:00:00,00010101-00:00:00,,MHL,MHL,500000,MHL,7900,7200,8600,17,
FIX.4.4,,,,,,,,,,LIS_BRD_01,,CS,00010101-00:00:00,00010101-00:00:00,,MIM,MIM,500000,MIM,5200,4700,5700,17,
FIX.4.4,,,,,,,,,,LIS_BRD_01,,CS,00010101-00:00:00,00010101-00:00:00,,MKV,MKV,500000,MKV,9600,8700,10500,17,
FIX.4.4,,,,,,,,,,LIS_BRD_01,,CS,00010101-00:00:00,00010101-00:00:00,,MNC,MNC,500000,MNC,13500,12200,14800,17,
FIX.4.4,,,,,,,,,,LIS_BRD_01,,CS,00010101-00:00:00,00010101-00:00:00,,NAG,NAG,500000,NAG,6200,5600,6800,17,
FIX.4.4,,,,,,,,,,LIS_BRD_01,,CS,00010101-00:00:00,00010101-00:00:00,,NBC,NBC,500000,NBC,12100,10900,13300,17,
FIX.4.4,,,,,,,,,,LIS_BRD_01,,CS,00010101-00:00:00,00010101-00:00:00,,NBP,NBP,500000,NBP,17100,15400,18800,17,
FIX.4.4,,,,,,,,,,LIS_BRD_01,,CS,00010101-00:00:00,00010101-00:00:00,,NDN,NDN,500000,NDN,17000,15300,18700,17,
FIX.4.4,,,,,,,,,,LIS_BRD_01,,CS,00010101-00:00:00,00010101-00:00:00,,NDX,NDX,500000,NDX,8300,7500,9100,17,
FIX.4.4,,,,,,,,,,LIS_BRD_01,,CS,00010101-00:00:00,00010101-00:00:00,,NET,NET,500000,NET,25300,22800,27800,17,
FIX.4.4,,,,,,,,,,LIS_BRD_01,,CS,00010101-00:00:00,00010101-00:00:00,,NFC,NFC,500000,NFC,33900,30600,37200,17,
FIX.4.4,,,,,,,,,,LIS_BRD_01,,CS,00010101-00:00:00,00010101-00:00:00,,NGC,NGC,500000,NGC,23900,21600,26200,17,
FIX.4.4,,,,,,,,,,LIS_BRD_01,,CS,00010101-00:00:00,00010101-00:00:00,,NHA,NHA,500000,NHA,5900,5400,6400,17,
FIX.4.4,,,,,,,,,,LIS_BRD_01,,CS,00010101-00:00:00,00010101-00:00:00,,NHC,NHC,500000,NHC,32000,28800,35200,17,
FIX.4.4,,,,,,,,,,LIS_BRD_01,,CS,00010101-00:00:00,00010101-00:00:00,,NLC,NLC,500000,NLC,27100,24400,29800,17,
FIX.4.4,,,,,,,,,,LIS_BRD_01,,CS,00010101-00:00:00,00010101-00:00:00,,NPS,NPS,500000,NPS,16500,14900,18100,17,
FIX.4.4,,,,,,,,,,LIS_BRD_01,,CS,00010101-00:00:00,00010101-00:00:00,,NST,NST,500000,NST,13800,12500,15100,17,
FIX.4.4,,,,,,,,,,LIS_BRD_01,,CS,00010101-00:00:00,00010101-00:00:00,,NTP,NTP,500000,NTP,47000,42300,51700,17,
FIX.4.4,,,,,,,,,,LIS_BRD_01,,CS,00010101-00:00:00,00010101-00:00:00,,NVB,NVB,500000,NVB,6800,6200,7400,17,
FIX.4.4,,,,,,,,,,LIS_BRD_01,,CS,00010101-00:00:00,00010101-00:00:00,,OCH,OCH,500000,OCH,25200,22700,27700,17,
FIX.4.4,,,,,,,,,,LIS_BRD_01,,CS,00010101-00:00:00,00010101-00:00:00,,ONE,ONE,500000,ONE,8900,8100,9700,17,
FIX.4.4,,,,,,,,,,LIS_BRD_01,,CS,00010101-00:00:00,00010101-00:00:00,,ORS,ORS,500000,ORS,4000,3600,4400,17,
FIX.4.4,,,,,,,,,,LIS_BRD_01,,CS,00010101-00:00:00,00010101-00:00:00,,PCG,PCG,500000,PCG,8800,8000,9600,17,
FIX.4.4,,,,,,,,,,LIS_BRD_01,,CS,00010101-00:00:00,00010101-00:00:00,,PCT,PCT,500000,PCT,6200,5600,6800,17,
FIX.4.4,,,,,,,,,,LIS_BRD_01,,CS,00010101-00:00:00,00010101-00:00:00,,PDC,PDC,500000,PDC,4100,3700,4500,17,
FIX.4.4,,,,,,,,,,LIS_BRD_01,,CS,00010101-00:00:00,00010101-00:00:00,,PFL,PFL,500000,PFL,3300,3000,3600,17,
FIX.4.4,,,,,,,,,,LIS_BRD_01,,CS,00010101-00:00:00,00010101-00:00:00,,PGS,PGS,500000,PGS,34400,31000,37800,17,
FIX.4.4,,,,,,,,,,LIS_BRD_01,,CS,00010101-00:00:00,00010101-00:00:00,,PGT,PGT,500000,PGT,6200,5600,6800,17,
FIX.4.4,,,,,,,,,,LIS_BRD_01,,CS,00010101-00:00:00,00010101-00:00:00,,PHC,PHC,500000,PHC,4900,4500,5300,17,
FIX.4.4,,,,,,,,,,LIS_BRD_01,,CS,00010101-00:00:00,00010101-00:00:00,,PHH,PHH,500000,PHH,6400,5800,7000,17,
FIX.4.4,,,,,,,,,,LIS_BRD_01,,CS,00010101-00:00:00,00010101-00:00:00,,PID,PID,500000,PID,5300,4800,5800,17,
FIX.4.4,,,,,,,,,,LIS_BRD_01,,CS,00010101-00:00:00,00010101-00:00:00,,PIV,PIV,500000,PIV,7600,6900,8300,17,
FIX.4.4,,,,,,,,,,LIS_BRD_01,,CS,00010101-00:00:00,00010101-00:00:00,,PJC,PJC,500000,PJC,13500,12200,14800,17,
FIX.4.4,,,,,,,,,,LIS_BRD_01,,CS,00010101-00:00:00,00010101-00:00:00,,PLC,PLC,500000,PLC,25500,23000,28000,17,
FIX.4.4,,,,,,,,,,LIS_BRD_01,,CS,00010101-00:00:00,00010101-00:00:00,,PMC,PMC,500000,PMC,49200,44300,54100,17,
FIX.4.4,,,,,,,,,,LIS_BRD_01,,CS,00010101-00:00:00,00010101-00:00:00,,PMS,PMS,500000,PMS,8600,7800,9400,17,
FIX.4.4,,,,,,,,,,LIS_BRD_01,,CS,00010101-00:00:00,00010101-00:00:00,,POT,POT,500000,POT,14100,12700,15500,17,
FIX.4.4,,,,,,,,,,LIS_BRD_01,,CS,00010101-00:00:00,00010101-00:00:00,,PPE,PPE,500000,PPE,4600,4200,5000,17,
FIX.4.4,,,,,,,,,,LIS_BRD_01,,CS,00010101-00:00:00,00010101-00:00:00,,PPG,PPG,500000,PPG,3600,3300,3900,17,
FIX.4.4,,,,,,,,,,LIS_BRD_01,,CS,00010101-00:00:00,00010101-00:00:00,,PPP,PPP,500000,PPP,9200,8300,10100,17,
FIX.4.4,,,,,,,,,,LIS_BRD_01,,CS,00010101-00:00:00,00010101-00:00:00,,PPS,PPS,500000,PPS,10600,9600,11600,17,
FIX.4.4,,,,,,,,,,LIS_BRD_01,,CS,00010101-00:00:00,00010101-00:00:00,,PRC,PRC,500000,PRC,9000,8100,9900,17,
FIX.4.4,,,,,,,,,,LIS_BRD_01,,CS,00010101-00:00:00,00010101-00:00:00,,PSC,PSC,500000,PSC,11000,9900,12100,17,
FIX.4.4,,,,,,,,,,LIS_BRD_01,,CS,00010101-00:00:00,00010101-00:00:00,,PSD,PSD,500000,PSD,58000,52200,63800,17,
FIX.4.4,,,,,,,,,,LIS_BRD_01,,CS,00010101-00:00:00,00010101-00:00:00,,PSI,PSI,500000,PSI,7100,6400,7800,17,
FIX.4.4,,,,,,,,,,LIS_BRD_01,,CS,00010101-00:00:00,00010101-00:00:00,,PTI,PTI,500000,PTI,13000,11700,14300,17,
FIX.4.4,,,,,,,,,,LIS_BRD_01,,CS,00010101-00:00:00,00010101-00:00:00,,PTM,PTM,500000,PTM,6400,5800,7000,17,
FIX.4.4,,,,,,,,,,LIS_BRD_01,,CS,00010101-00:00:00,00010101-00:00:00,,PTS,PTS,500000,PTS,5300,4800,5800,17,
FIX.4.4,,,,,,,,,,LIS_BRD_01,,CS,00010101-00:00:00,00010101-00:00:00,,PV2,PV2,500000,PV2,3100,2800,3400,17,
FIX.4.4,,,,,,,,,,LIS_BRD_01,,CS,00010101-00:00:00,00010101-00:00:00,,PVB,PVB,500000,PVB,55100,49600,60600,17,
FIX.4.4,,,,,,,,,,LIS_BRD_01,,CS,00010101-00:00:00,00010101-00:00:00,,PVC,PVC,500000,PVC,30700,27700,33700,17,
FIX.4.4,,,,,,,,,,LIS_BRD_01,,CS,00010101-00:00:00,00010101-00:00:00,,PVE,PVE,500000,PVE,10800,9800,11800,17,
FIX.4.4,,,,,,,,,,LIS_BRD_01,,CS,00010101-00:00:00,00010101-00:00:00,,PVG,PVG,500000,PVG,11600,10500,12700,17,
FIX.4.4,,,,,,,,,,LIS_BRD_01,,CS,00010101-00:00:00,00010101-00:00:00,,PVI,PVI,500000,PVI,18200,16400,20000,17,
FIX.4.4,,,,,,,,,,LIS_BRD_01,,CS,00010101-00:00:00,00010101-00:00:00,,PVL,PVL,500000,PVL,3900,3600,4200,17,
FIX.4.4,,,,,,,,,,LIS_BRD_01,,CS,00010101-00:00:00,00010101-00:00:00,,PVR,PVR,500000,PVR,4300,3900,4700,17,
FIX.4.4,,,,,,,,,,LIS_BRD_01,,CS,00010101-00:00:00,00010101-00:00:00,,PVS,PVS,500000,PVS,40900,36900,44900,17,
FIX.4.4,,,,,,,,,,LIS_BRD_01,,CS,00010101-00:00:00,00010101-00:00:00,,PVV,PVV,500000,PVV,3100,2800,3400,17,
FIX.4.4,,,,,,,,,,LIS_BRD_01,,CS,00010101-00:00:00,00010101-00:00:00,,PVX,PVX,500000,PVX,5900,5400,6400,17,
FIX.4.4,,,,,,,,,,LIS_BRD_01,,CS,00010101-00:00:00,00010101-00:00:00,,PXA,PXA,500000,PXA,4500,4100,4900,17,
FIX.4.4,,,,,,,,,,LIS_BRD_01,,CS,00010101-00:00:00,00010101-00:00:00,,QHD,QHD,500000,QHD,16700,15100,18300,17,
FIX.4.4,,,,,,,,,,LIS_BRD_01,,CS,00010101-00:00:00,00010101-00:00:00,,QNC,QNC,500000,QNC,7100,6400,7800,17,
FIX.4.4,,,,,,,,,,LIS_BRD_01,,CS,00010101-00:00:00,00010101-00:00:00,,QST,QST,500000,QST,9600,8700,10500,17,
FIX.4.4,,,,,,,,,,LIS_BRD_01,,CS,00010101-00:00:00,00010101-00:00:00,,QTC,QTC,500000,QTC,23800,21500,26100,17,
FIX.4.4,,,,,,,,,,LIS_BRD_01,,CS,00010101-00:00:00,00010101-00:00:00,,RCL,RCL,500000,RCL,25200,22700,27700,17,
FIX.4.4,,,,,,,,,,LIS_BRD_01,,CS,00010101-00:00:00,00010101-00:00:00,,S12,S12,500000,S12,6000,5400,6600,17,
FIX.4.4,,,,,,,,,,LIS_BRD_01,,CS,00010101-00:00:00,00010101-00:00:00,,S55,S55,500000,S55,79300,71400,87200,17,
FIX.4.4,,,,,,,,,,LIS_BRD_01,,CS,00010101-00:00:00,00010101-00:00:00,,S74,S74,500000,S74,15600,14100,17100,17,
FIX.4.4,,,,,,,,,,LIS_BRD_01,,CS,00010101-00:00:00,00010101-00:00:00,,S99,S99,500000,S99,11200,10100,12300,17,
FIX.4.4,,,,,,,,,,LIS_BRD_01,,CS,00010101-00:00:00,00010101-00:00:00,,SAF,SAF,500000,SAF,35000,31500,38500,17,
FIX.4.4,,,,,,,,,,LIS_BRD_01,,CS,00010101-00:00:00,00010101-00:00:00,,SAP,SAP,500000,SAP,11500,10400,12600,17,
FIX.4.4,,,,,,,,,,LIS_BRD_01,,CS,00010101-00:00:00,00010101-00:00:00,,SCJ,SCJ,500000,SCJ,9800,8900,10700,17,
FIX.4.4,,,,,,,,,,LIS_BRD_01,,CS,00010101-00:00:00,00010101-00:00:00,,SCL,SCL,500000,SCL,18400,16600,20200,17,
FIX.4.4,,,,,,,,,,LIS_BRD_01,,CS,00010101-00:00:00,00010101-00:00:00,,SCR,SCR,500000,SCR,10300,9300,11300,17,
FIX.4.4,,,,,,,,,,LIS_BRD_01,,CS,00010101-00:00:00,00010101-00:00:00,,SD1,SD1,500000,SD1,3700,3400,4000,17,
FIX.4.4,,,,,,,,,,LIS_BRD_01,,CS,00010101-00:00:00,00010101-00:00:00,,SD2,SD2,500000,SD2,8100,7300,8900,17,
FIX.4.4,,,,,,,,,,LIS_BRD_01,,CS,00010101-00:00:00,00010101-00:00:00,,SD4,SD4,500000,SD4,10800,9800,11800,17,
FIX.4.4,,,,,,,,,,LIS_BRD_01,,CS,00010101-00:00:00,00010101-00:00:00,,SD5,SD5,500000,SD5,12500,11300,13700,17,
FIX.4.4,,,,,,,,,,LIS_BRD_01,,CS,00010101-00:00:00,00010101-00:00:00,,SD6,SD6,500000,SD6,15100,13600,16600,17,
FIX.4.4,,,,,,,,,,LIS_BRD_01,,CS,00010101-00:00:00,00010101-00:00:00,,SD7,SD7,500000,SD7,13000,11700,14300,17,
FIX.4.4,,,,,,,,,,LIS_BRD_01,,CS,00010101-00:00:00,00010101-00:00:00,,SD9,SD9,500000,SD9,14400,13000,15800,17,
FIX.4.4,,,,,,,,,,LIS_BRD_01,,CS,00010101-00:00:00,00010101-00:00:00,,SDA,SDA,500000,SDA,9500,8600,10400,17,
FIX.4.4,,,,,,,,,,LIS_BRD_01,,CS,00010101-00:00:00,00010101-00:00:00,,SDC,SDC,500000,SDC,11600,10500,12700,17,
FIX.4.4,,,,,,,,,,LIS_BRD_01,,CS,00010101-00:00:00,00010101-00:00:00,,SDD,SDD,500000,SDD,4600,4200,5000,17,
FIX.4.4,,,,,,,,,,LIS_BRD_01,,CS,00010101-00:00:00,00010101-00:00:00,,SDE,SDE,500000,SDE,6000,5400,6600,17,
FIX.4.4,,,,,,,,,,LIS_BRD_01,,CS,00010101-00:00:00,00010101-00:00:00,,SDG,SDG,500000,SDG,25300,22800,27800,17,
FIX.4.4,,,,,,,,,,LIS_BRD_01,,CS,00010101-00:00:00,00010101-00:00:00,,SDH,SDH,500000,SDH,4700,4300,5100,17,
FIX.4.4,,,,,,,,,,LIS_BRD_01,,CS,00010101-00:00:00,00010101-00:00:00,,SDN,SDN,500000,SDN,30000,27000,33000,17,
FIX.4.4,,,,,,,,,,LIS_BRD_01,,CS,00010101-00:00:00,00010101-00:00:00,,SDP,SDP,500000,SDP,10900,9900,11900,17,
FIX.4.4,,,,,,,,,,LIS_BRD_01,,CS,00010101-00:00:00,00010101-00:00:00,,SDT,SDT,500000,SDT,17000,15300,18700,17,
FIX.4.4,,,,,,,,,,LIS_BRD_01,,CS,00010101-00:00:00,00010101-00:00:00,,SDU,SDU,500000,SDU,10600,9600,11600,17,
FIX.4.4,,,,,,,,,,LIS_BRD_01,,CS,00010101-00:00:00,00010101-00:00:00,,SDY,SDY,500000,SDY,3600,3300,3900,17,
FIX.4.4,,,,,,,,,,LIS_BRD_01,,CS,00010101-00:00:00,00010101-00:00:00,,SEB,SEB,500000,SEB,24000,21600,26400,17,
FIX.4.4,,,,,,,,,,LIS_BRD_01,,CS,00010101-00:00:00,00010101-00:00:00,,SED,SED,500000,SED,18000,16200,19800,17,
FIX.4.4,,,,,,,,,,LIS_BRD_01,,CS,00010101-00:00:00,00010101-00:00:00,,SFN,SFN,500000,SFN,15600,14100,17100,17,
FIX.4.4,,,,,,,,,,LIS_BRD_01,,CS,00010101-00:00:00,00010101-00:00:00,,SGC,SGC,500000,SGC,37500,33800,41200,17,
FIX.4.4,,,,,,,,,,LIS_BRD_01,,CS,00010101-00:00:00,00010101-00:00:00,,SGD,SGD,500000,SGD,10600,9600,11600,17,
FIX.4.4,,,,,,,,,,LIS_BRD_01,,CS,00010101-00:00:00,00010101-00:00:00,,SGH,SGH,500000,SGH,64700,58300,71100,17,
FIX.4.4,,,,,,,,,,LIS_BRD_01,,CS,00010101-00:00:00,00010101-00:00:00,,SHA,SHA,500000,SHA,8000,7200,8800,17,
FIX.4.4,,,,,,,,,,LIS_BRD_01,,CS,00010101-00:00:00,00010101-00:00:00,,SHB,SHB,500000,SHB,8600,7800,9400,17,
FIX.4.4,,,,,,,,,,LIS_BRD_01,,CS,00010101-00:00:00,00010101-00:00:00,,SHN,SHN,500000,SHN,3900,3600,4200,17,
FIX.4.4,,,,,,,,,,LIS_BRD_01,,CS,00010101-00:00:00,00010101-00:00:00,,SHS,SHS,500000,SHS,11600,10500,12700,17,
FIX.4.4,,,,,,,,,,LIS_BRD_01,,CS,00010101-00:00:00,00010101-00:00:00,,SIC,SIC,500000,SIC,9100,8200,10000,17,
FIX.4.4,,,,,,,,,,LIS_BRD_01,,CS,00010101-00:00:00,00010101-00:00:00,,SJ1,SJ1,500000,SJ1,20000,18000,22000,17,
FIX.4.4,,,,,,,,,,LIS_BRD_01,,CS,00010101-00:00:00,00010101-00:00:00,,SJC,SJC,500000,SJC,6800,6200,7400,17,
FIX.4.4,,,,,,,,,,LIS_BRD_01,,CS,00010101-00:00:00,00010101-00:00:00,,SJE,SJE,500000,SJE,20000,18000,22000,17,
FIX.4.4,,,,,,,,,,LIS_BRD_01,,CS,00010101-00:00:00,00010101-00:00:00,,SKS,SKS,500000,SKS,9500,8600,10400,17,
FIX.4.4,,,,,,,,,,LIS_BRD_01,,CS,00010101-00:00:00,00010101-00:00:00,,SLS,SLS,500000,SLS,25600,23100,28100,17,
FIX.4.4,,,,,,,,,,LIS_BRD_01,,CS,00010101-00:00:00,00010101-00:00:00,,SMT,SMT,500000,SMT,21500,19400,23600,17,
FIX.4.4,,,,,,,,,,LIS_BRD_01,,CS,00010101-00:00:00,00010101-00:00:00,,SPI,SPI,500000,SPI,5500,5000,6000,17,
FIX.4.4,,,,,,,,,,LIS_BRD_01,,CS,00010101-00:00:00,00010101-00:00:00,,SPP,SPP,500000,SPP,6800,6200,7400,17,
FIX.4.4,,,,,,,,,,LIS_BRD_01,,CS,00010101-00:00:00,00010101-00:00:00,,SQC,SQC,500000,SQC,80000,72000,88000,17,
FIX.4.4,,,,,,,,,,LIS_BRD_01,,CS,00010101-00:00:00,00010101-00:00:00,,SRA,SRA,500000,SRA,2600,2400,2800,17,
FIX.4.4,,,,,,,,,,LIS_BRD_01,,CS,00010101-00:00:00,00010101-00:00:00,,SRB,SRB,500000,SRB,3200,2900,3500,17,
FIX.4.4,,,,,,,,,,LIS_BRD_01,,CS,00010101-00:00:00,00010101-00:00:00,,SSG,SSG,500000,SSG,2200,2000,2400,17,
FIX.4.4,,,,,,,,,,LIS_BRD_01,,CS,00010101-00:00:00,00010101-00:00:00,,SSM,SSM,500000,SSM,12700,11500,13900,17,
FIX.4.4,,,,,,,,,,LIS_BRD_01,,CS,00010101-00:00:00,00010101-00:00:00,,STC,STC,500000,STC,17300,15600,19000,17,
FIX.4.4,,,,,,,,,,LIS_BRD_01,,CS,00010101-00:00:00,00010101-00:00:00,,STP,STP,500000,STP,9400,8500,10300,17,
FIX.4.4,,,,,,,,,,LIS_BRD_01,,CS,00010101-00:00:00,00010101-00:00:00,,SVN,SVN,500000,SVN,10200,9200,11200,17,
FIX.4.4,,,,,,,,,,LIS_BRD_01,,CS,00010101-00:00:00,00010101-00:00:00,,TAG,TAG,500000,TAG,23700,21400,26000,17,
FIX.4.4,,,,,,,,,,LIS_BRD_01,,CS,00010101-00:00:00,00010101-00:00:00,,TBX,TBX,500000,TBX,10800,9800,11800,17,
FIX.4.4,,,,,,,,,,LIS_BRD_01,,CS,00010101-00:00:00,00010101-00:00:00,,TC6,TC6,500000,TC6,14600,13200,16000,17,
FIX.4.4,,,,,,,,,,LIS_BRD_01,,CS,00010101-00:00:00,00010101-00:00:00,,TCS,TCS,500000,TCS,11000,9900,12100,17,
FIX.4.4,,,,,,,,,,LIS_BRD_01,,CS,00010101-00:00:00,00010101-00:00:00,,TCT,TCT,500000,TCT,83500,75200,91800,17,
FIX.4.4,,,,,,,,,,LIS_BRD_01,,CS,00010101-00:00:00,00010101-00:00:00,,TDN,TDN,500000,TDN,9700,8800,10600,17,
FIX.4.4,,,,,,,,,,LIS_BRD_01,,CS,00010101-00:00:00,00010101-00:00:00,,TET,TET,500000,TET,21600,19500,23700,17,
FIX.4.4,,,,,,,,,,LIS_BRD_01,,CS,00010101-00:00:00,00010101-00:00:00,,TH1,TH1,500000,TH1,20700,18700,22700,17,
FIX.4.4,,,,,,,,,,LIS_BRD_01,,CS,00010101-00:00:00,00010101-00:00:00,,THB,THB,500000,THB,25000,22500,27500,17,
FIX.4.4,,,,,,,,,,LIS_BRD_01,,CS,00010101-00:00:00,00010101-00:00:00,,THS,THS,500000,THS,7000,6300,7700,17,
FIX.4.4,,,,,,,,,,LIS_BRD_01,,CS,00010101-00:00:00,00010101-00:00:00,,THT,THT,500000,THT,14900,13500,16300,17,
FIX.4.4,,,,,,,,,,LIS_BRD_01,,CS,00010101-00:00:00,00010101-00:00:00,,TIG,TIG,500000,TIG,13200,11900,14500,17,
FIX.4.4,,,,,,,,,,LIS_BRD_01,,CS,00010101-00:00:00,00010101-00:00:00,,TJC,TJC,500000,TJC,13300,12000,14600,17,
FIX.4.4,,,,,,,,,,LIS_BRD_01,,CS,00010101-00:00:00,00010101-00:00:00,,TKC,TKC,500000,TKC,5700,5200,6200,17,
FIX.4.4,,,,,,,,,,LIS_BRD_01,,CS,00010101-00:00:00,00010101-00:00:00,,TKU,TKU,500000,TKU,7900,7200,8600,17,
FIX.4.4,,,,,,,,,,LIS_BRD_01,,CS,00010101-00:00:00,00010101-00:00:00,,TMC,TMC,500000,TMC,11000,9900,12100,17,
FIX.4.4,,,,,,,,,,LIS_BRD_01,,CS,00010101-00:00:00,00010101-00:00:00,,TMX,TMX,500000,TMX,10000,9000,11000,17,
FIX.4.4,,,,,,,,,,LIS_BRD_01,,CS,00010101-00:00:00,00010101-00:00:00,,TNG,TNG,500000,TNG,21700,19600,23800,17,
FIX.4.4,,,,,,,,,,LIS_BRD_01,,CS,00010101-00:00:00,00010101-00:00:00,,TPH,TPH,500000,TPH,7200,6500,7900,17,
FIX.4.4,,,,,,,,,,LIS_BRD_01,,CS,00010101-00:00:00,00010101-00:00:00,,TPP,TPP,500000,TPP,12800,11600,14000,17,
FIX.4.4,,,,,,,,,,LIS_BRD_01,,CS,00010101-00:00:00,00010101-00:00:00,,TSB,TSB,500000,TSB,8000,7200,8800,17,
FIX.4.4,,,,,,,,,,LIS_BRD_01,,CS,00010101-00:00:00,00010101-00:00:00,,TSM,TSM,500000,TSM,3000,2700,3300,17,
FIX.4.4,,,,,,,,,,LIS_BRD_01,,CS,00010101-00:00:00,00010101-00:00:00,,TST,TST,500000,TST,4600,4200,5000,17,
FIX.4.4,,,,,,,,,,LIS_BRD_01,,CS,00010101-00:00:00,00010101-00:00:00,,TTC,TTC,500000,TTC,11900,10800,13000,17,
FIX.4.4,,,,,,,,,,LIS_BRD_01,,CS,00010101-00:00:00,00010101-00:00:00,,TTZ,TTZ,500000,TTZ,5000,4500,5500,17,
FIX.4.4,,,,,,,,,,LIS_BRD_01,,CS,00010101-00:00:00,00010101-00:00:00,,TV2,TV2,500000,TV2,24500,22100,26900,17,
FIX.4.4,,,,,,,,,,LIS_BRD_01,,CS,00010101-00:00:00,00010101-00:00:00,,TV3,TV3,500000,TV3,21000,18900,23100,17,
FIX.4.4,,,,,,,,,,LIS_BRD_01,,CS,00010101-00:00:00,00010101-00:00:00,,TV4,TV4,500000,TV4,11600,10500,12700,17,
FIX.4.4,,,,,,,,,,LIS_BRD_01,,CS,00010101-00:00:00,00010101-00:00:00,,TVD,TVD,500000,TVD,12600,11400,13800,17,
FIX.4.4,,,,,,,,,,LIS_BRD_01,,CS,00010101-00:00:00,00010101-00:00:00,,TXM,TXM,500000,TXM,8000,7200,8800,17,
FIX.4.4,,,,,,,,,,LIS_BRD_01,,CS,00010101-00:00:00,00010101-00:00:00,,UNI,UNI,500000,UNI,8000,7200,8800,17,
FIX.4.4,,,,,,,,,,LIS_BRD_01,,CS,00010101-00:00:00,00010101-00:00:00,,V12,V12,500000,V12,9300,8400,10200,17,
FIX.4.4,,,,,,,,,,LIS_BRD_01,,CS,00010101-00:00:00,00010101-00:00:00,,V15,V15,500000,V15,2300,2100,2500,17,
FIX.4.4,,,,,,,,,,LIS_BRD_01,,CS,00010101-00:00:00,00010101-00:00:00,,V21,V21,500000,V21,5400,4900,5900,17,
FIX.4.4,,,,,,,,,,LIS_BRD_01,,CS,00010101-00:00:00,00010101-00:00:00,,VAT,VAT,500000,VAT,8100,7300,8900,17,
FIX.4.4,,,,,,,,,,LIS_BRD_01,,CS,00010101-00:00:00,00010101-00:00:00,,VBC,VBC,500000,VBC,40000,36000,44000,17,
FIX.4.4,,,,,,,,,,LIS_BRD_01,,CS,00010101-00:00:00,00010101-00:00:00,,VBH,VBH,500000,VBH,12500,11300,13700,17,
FIX.4.4,,,,,,,,,,LIS_BRD_01,,CS,00010101-00:00:00,00010101-00:00:00,,VC1,VC1,500000,VC1,20700,18700,22700,17,
FIX.4.4,,,,,,,,,,LIS_BRD_01,,CS,00010101-00:00:00,00010101-00:00:00,,VC2,VC2,500000,VC2,15100,13600,16600,17,
FIX.4.4,,,,,,,,,,LIS_BRD_01,,CS,00010101-00:00:00,00010101-00:00:00,,VC3,VC3,500000,VC3,13600,12300,14900,17,
FIX.4.4,,,,,,,,,,LIS_BRD_01,,CS,00010101-00:00:00,00010101-00:00:00,,VC5,VC5,500000,VC5,5600,5100,6100,17,
FIX.4.4,,,,,,,,,,LIS_BRD_01,,CS,00010101-00:00:00,00010101-00:00:00,,VC6,VC6,500000,VC6,8000,7200,8800,17,
FIX.4.4,,,,,,,,,,LIS_BRD_01,,CS,00010101-00:00:00,00010101-00:00:00,,VC7,VC7,500000,VC7,7200,6500,7900,17,
FIX.4.4,,,,,,,,,,LIS_BRD_01,,CS,00010101-00:00:00,00010101-00:00:00,,VC9,VC9,500000,VC9,9300,8400,10200,17,
FIX.4.4,,,,,,,,,,LIS_BRD_01,,CS,00010101-00:00:00,00010101-00:00:00,,VCC,VCC,500000,VCC,15300,13800,16800,17,
FIX.4.4,,,,,,,,,,LIS_BRD_01,,CS,00010101-00:00:00,00010101-00:00:00,,VCG,VCG,500000,VCG,12400,11200,13600,17,
FIX.4.4,,,,,,,,,,LIS_BRD_01,,CS,00010101-00:00:00,00010101-00:00:00,,VCM,VCM,500000,VCM,13000,11700,14300,17,
FIX.4.4,,,,,,,,,,LIS_BRD_01,,CS,00010101-00:00:00,00010101-00:00:00,,VCR,VCR,500000,VCR,3100,2800,3400,17,
FIX.4.4,,,,,,,,,,LIS_BRD_01,,CS,00010101-00:00:00,00010101-00:00:00,,VCS,VCS,500000,VCS,31000,27900,34100,17,
FIX.4.4,,,,,,,,,,LIS_BRD_01,,CS,00010101-00:00:00,00010101-00:00:00,,VDL,VDL,500000,VDL,26900,24300,29500,17,
FIX.4.4,,,,,,,,,,LIS_BRD_01,,CS,00010101-00:00:00,00010101-00:00:00,,VDS,VDS,500000,VDS,10500,9500,11500,17,
FIX.4.4,,,,,,,,,,LIS_BRD_01,,CS,00010101-00:00:00,00010101-00:00:00,,VE1,VE1,500000,VE1,3900,3600,4200,17,
FIX.4.4,,,,,,,,,,LIS_BRD_01,,CS,00010101-00:00:00,00010101-00:00:00,,VE2,VE2,500000,VE2,10400,9400,11400,17,
FIX.4.4,,,,,,,,,,LIS_BRD_01,,CS,00010101-00:00:00,00010101-00:00:00,,VE3,VE3,500000,VE3,10000,9000,11000,17,
FIX.4.4,,,,,,,,,,LIS_BRD_01,,CS,00010101-00:00:00,00010101-00:00:00,,VE4,VE4,500000,VE4,9700,8800,10600,17,
FIX.4.4,,,,,,,,,,LIS_BRD_01,,CS,00010101-00:00:00,00010101-00:00:00,,VE8,VE8,500000,VE8,7000,6300,7700,17,
FIX.4.4,,,,,,,,,,LIS_BRD_01,,CS,00010101-00:00:00,00010101-00:00:00,,VE9,VE9,500000,VE9,10800,9800,11800,17,
FIX.4.4,,,,,,,,,,LIS_BRD_01,,CS,00010101-00:00:00,00010101-00:00:00,,VFR,VFR,500000,VFR,14500,13100,15900,17,
FIX.4.4,,,,,,,,,,LIS_BRD_01,,CS,00010101-00:00:00,00010101-00:00:00,,VGP,VGP,500000,VGP,17700,16000,19400,17,
FIX.4.4,,,,,,,,,,LIS_BRD_01,,CS,00010101-00:00:00,00010101-00:00:00,,VGS,VGS,500000,VGS,7700,7000,8400,17,
FIX.4.4,,,,,,,,,,LIS_BRD_01,,CS,00010101-00:00:00,00010101-00:00:00,,VHL,VHL,500000,VHL,44100,39700,48500,17,
FIX.4.4,,,,,,,,,,LIS_BRD_01,,CS,00010101-00:00:00,00010101-00:00:00,,VIE,VIE,500000,VIE,2700,2500,2900,17,
FIX.4.4,,,,,,,,,,LIS_BRD_01,,CS,00010101-00:00:00,00010101-00:00:00,,VIG,VIG,500000,VIG,4800,4400,5200,17,
FIX.4.4,,,,,,,,,,LIS_BRD_01,,CS,00010101-00:00:00,00010101-00:00:00,,VIT,VIT,500000,VIT,13600,12300,14900,17,
FIX.4.4,,,,,,,,,,LIS_BRD_01,,CS,00010101-00:00:00,00010101-00:00:00,,VIX,VIX,500000,VIX,37000,33300,40700,17,
FIX.4.4,,,,,,,,,,LIS_BRD_01,,CS,00010101-00:00:00,00010101-00:00:00,,VKC,VKC,500000,VKC,7000,6300,7700,17,
FIX.4.4,,,,,,,,,,LIS_BRD_01,,CS,00010101-00:00:00,00010101-00:00:00,,VLA,VLA,500000,VLA,12700,11500,13900,17,
FIX.4.4,,,,,,,,,,LIS_BRD_01,,CS,00010101-00:00:00,00010101-00:00:00,,VMC,VMC,500000,VMC,17900,16200,19600,17,
FIX.4.4,,,,,,,,,,LIS_BRD_01,,CS,00010101-00:00:00,00010101-00:00:00,,VNC,VNC,500000,VNC,19000,17100,20900,17,
FIX.4.4,,,,,,,,,,LIS_BRD_01,,CS,00010101-00:00:00,00010101-00:00:00,,VND,VND,500000,VND,13000,11700,14300,17,
FIX.4.4,,,,,,,,,,LIS_BRD_01,,CS,00010101-00:00:00,00010101-00:00:00,,VNF,VNF,500000,VNF,35200,31700,38700,17,
FIX.4.4,,,,,,,,,,LIS_BRD_01,,CS,00010101-00:00:00,00010101-00:00:00,,VNN,VNN,500000,VNN,3400,3100,3700,17,
FIX.4.4,,,,,,,,,,LIS_BRD_01,,CS,00010101-00:00:00,00010101-00:00:00,,VNR,VNR,500000,VNR,20900,18900,22900,17,
FIX.4.4,,,,,,,,,,LIS_BRD_01,,CS,00010101-00:00:00,00010101-00:00:00,,VNT,VNT,500000,VNT,36000,32400,39600,17,
FIX.4.4,,,,,,,,,,LIS_BRD_01,,CS,00010101-00:00:00,00010101-00:00:00,,VPC,VPC,500000,VPC,2800,2600,3000,17,
FIX.4.4,,,,,,,,,,LIS_BRD_01,,CS,00010101-00:00:00,00010101-00:00:00,,VTC,VTC,500000,VTC,5000,4500,5500,17,
FIX.4.4,,,,,,,,,,LIS_BRD_01,,CS,00010101-00:00:00,00010101-00:00:00,,VTL,VTL,500000,VTL,18700,16900,20500,17,
FIX.4.4,,,,,,,,,,LIS_BRD_01,,CS,00010101-00:00:00,00010101-00:00:00,,VTS,VTS,500000,VTS,10100,9100,11100,17,
FIX.4.4,,,,,,,,,,LIS_BRD_01,,CS,00010101-00:00:00,00010101-00:00:00,,VTV,VTV,500000,VTV,17600,15900,19300,17,
FIX.4.4,,,,,,,,,,LIS_BRD_01,,CS,00010101-00:00:00,00010101-00:00:00,,VXB,VXB,500000,VXB,11600,10500,12700,17,
FIX.4.4,,,,,,,,,,LIS_BRD_01,,CS,00010101-00:00:00,00010101-00:00:00,,WCS,WCS,500000,WCS,149000,134100,163900,17,
FIX.4.4,,,,,,,,,,LIS_BRD_01,,CS,00010101-00:00:00,00010101-00:00:00,,WSS,WSS,500000,WSS,4700,4300,5100,17,
FIX.4.4,,,,,,,,,,LIS_BRD_01,,CS,00010101-00:00:00,00010101-00:00:00,,PEN,PEN,500000,PEN,12000,10800,13200,17,
FIX.4.4,,,,,,,,,,LIS_BRD_01,,CS,00010101-00:00:00,00010101-00:00:00,,DGC,DGC,500000,DGC,35900,32400,39400,17,
FIX.4.4,,,,,,,,,,LIS_BRD_01,,CS,00010101-00:00:00,00010101-00:00:00,,CEO,CEO,500000,CEO,16200,14600,17800,17,
FIX.4.4,,,,,,,,,,LIS_BRD_01,,CS,00010101-00:00:00,00010101-00:00:00,,BII,BII,500000,BII,11300,10200,12400,17,
FIX.4.4,,,,,,,,,,LIS_BRD_01,,CS,00010101-00:00:00,00010101-00:00:00,,NDF,NDF,500000,NDF,22500,20300,24700,17,
FIX.4.4,,,,,,,,,,LIS_BRD_01,,CS,00010101-00:00:00,00010101-00:00:00,,TVC,TVC,500000,TVC,29900,27000,32800,17,
FIX.4.4,,,,,,,,,,LIS_BRD_01,,CS,00010101-00:00:00,00010101-00:00:00,,VMI,VMI,500000,VMI,22700,20500,24900,17,
